ensayo,ctrl,IAE_total,ISE_total,IAE1,IAE2,IAE_cruzado,Mp,ts,ess
E1_seguimiento_T1,PI,4.5809,1.2386,3.611,0.96986,0.96986,0.078936,37.1,0.00011191
E1_seguimiento_T1,Hinf,7.5605,3.6316,7.5132,0.047252,0.047252,0.60609,44.6,6.6887e-05
E2_seguimiento_T2,PI,4.5744,1.1423,1.2441,3.3303,1.2441,0.091969,35.7,0.00010313
E2_seguimiento_T2,Hinf,7.507,3.64,0.047793,7.4592,0.047793,0.59588,44.3,6.6368e-05
E3_MIMO_simultaneo,PI,7.5217,2.3454,4.0031,3.5186,0.0,1.1531,35.3,4.4824e-05
E3_MIMO_simultaneo,Hinf,14.975,7.2937,7.4896,7.4851,0.0,0.57638,44.6,5.8108e-05
E4_rechazo_perturbacion,PI,8.676,0.45167,6.8604,1.8156,0.0,0.0,0.0,0.00049085
E4_rechazo_perturbacion,Hinf,13.93,2.0265,13.785,0.14563,0.0,0.0,0.0,0.00012131
E5_robustez_areas,PI,9.9647,2.902,5.1597,4.805,0.0,0.15874,45.9,4.2463e-05
E5_robustez_areas,Hinf,28.883,10.599,14.439,14.443,0.0,0.0,125.8,0.00026476
